section,name,variant,value,unit,ops,raw_median_ticks,baseline_median_ticks,corrected_median_ticks,ns_per_op,raw_cv_percent
host,brand,sysctl,Apple M4 Pro,,0,0,0,0,0,0
host,logical_cpus,sysctl,14,count,0,0,0,0,0,0
host,p_physical_cpus,sysctl,10,count,0,0,0,0,0,0
host,e_physical_cpus,sysctl,4,count,0,0,0,0,0,0
host,p_l1i,sysctl,196608,bytes,0,0,0,0,0,0
host,p_l1d,sysctl,131072,bytes,0,0,0,0,0,0
host,e_l1i,sysctl,131072,bytes,0,0,0,0,0,0
host,e_l1d,sysctl,65536,bytes,0,0,0,0,0,0
host,feat_sme,sysctl,1,bool,0,0,0,0,0,0
host,page_size,getpagesize,16384,bytes,0,0,0,0,0,0
timer,cntfrq,cntfrq_el0,1000000000,Hz,0,0,0,0,0,0
timer,cntvct_sleep,20ms,25012248.000,ns,0,0,0,0,0,0
timer,mach_sleep,20ms,25012750.000,ns,0,0,0,0,0,0
hygiene,empty_loop,loop_only,,ns,800000,198873,0,198873,0.248591250,5.325935
hygiene,nop,8_per_block,,ns,6400000,181148,181188,1,0.000000156,0.015705
core_class,qos_dep_add,user_interactive,,ns,6400000,1466636,181273,1285363,0.200837969,3.443359
core_class,qos_dep_add,user_initiated,,ns,6400000,1464885,181190,1283695,0.200577344,3.543922
core_class,qos_dep_add,utility,,ns,6400000,1469761,181230,1288531,0.201332969,3.673638
core_class,qos_dep_add,background,,ns,6400000,1464511,181189,1283322,0.200519063,5.756860
int_scalar,dep_add,8_chain,,ns,6400000,1464344,181190,1283154,0.200492813,5.033798
int_scalar,dep_sub,8_chain,,ns,6400000,1460344,181171,1279173,0.199870781,3.639240
int_scalar,dep_logic,8_mixed,,ns,6400000,1464552,181230,1283322,0.200519063,4.300402
int_scalar,dep_shift,8_mixed,,ns,6400000,1464386,181230,1283156,0.200493125,5.697583
int_scalar,dep_mul,8_chain,,ns,6400000,4564244,181231,4383013,0.684845781,2.701226
int_scalar,dep_madd,4_chain,,ns,3200000,2949312,181231,2768081,0.865025313,4.832556
int_scalar,dep_umulh,4_chain,,ns,3200000,2203433,181231,2022202,0.631938125,3.277823
int_scalar,dep_udiv,2_chain,,ns,100000,196206,11393,184813,1.848130000,8.985982
int_scalar,thr_add,8_independent,,ns,6400000,247891,181189,66702,0.010422187,3.024412
int_scalar,thr_mul,4_independent,,ns,3200000,557126,185480,371646,0.116139375,5.477329
fp_scalar,dep_fadd64,8_chain,,ns,6400000,3053758,177438,2876320,0.449425000,3.098396
fp_scalar,dep_fmul64,8_chain,,ns,6400000,4567203,177480,4389723,0.685894219,2.551518
fp_scalar,dep_fmadd64,4_chain,,ns,3200000,2246884,177481,2069403,0.646688438,2.637170
fp_scalar,thr_fadd64,4_independent,,ns,3200000,410146,187564,222582,0.069556875,3.350722
fp_scalar,thr_fmul64,4_independent,,ns,3200000,585935,177355,408580,0.127681250,7.904339
neon,fadd32x4,4_chain,,ns,12800000,1510404,177397,1333007,0.104141172,2.682376
neon,fmla32x4,4_chain,,ns,12800000,2213640,177522,2036118,0.159071719,2.741112
load_store,l1_load,8_independent,,ns,6400000,731130,177314,553816,0.086533750,4.901751
load_store,l1_store,8_independent,,ns,6400000,709238,177315,531923,0.083112969,2.492804
load_store,store_load,forward_same_addr,,ns,1600000,1773062,177355,1595707,0.997316875,2.621046
load_store,load_align,aligned,,ns,6400000,472823,177338,295485,0.046169531,3.832969
load_store,load_align,unaligned+1,,ns,6400000,474240,177355,296885,0.046388281,3.395195
load_store,load_align,split_line,,ns,6400000,472865,177314,295551,0.046179844,5.786537
frontend,nop_stream,8_nops,,ns,6400000,177337,177337,1,0.000000156,2.087926
frontend,branch,uncond_taken4,,ns,3200000,709196,177355,531841,0.166200313,5.364367
frontend,branch,cond_not_taken4,,ns,3200000,443306,181231,262075,0.081898438,5.122202
frontend,call_ret,4_calls,,ns,800000,398938,44351,354587,0.443233750,0.008178
cache,ptr_chase_64B,4.0 KiB,,ns,262144,174273,0,174273,0.664798737,3.952641
cache,ptr_chase_64B,8.0 KiB,,ns,262144,174273,0,174273,0.664798737,7.624124
cache,ptr_chase_64B,16.0 KiB,,ns,262144,174272,0,174272,0.664794922,0.754627
cache,ptr_chase_64B,32.0 KiB,,ns,262144,174272,0,174272,0.664794922,0.015460
cache,ptr_chase_64B,64.0 KiB,,ns,262144,174255,0,174255,0.664730072,0.015949
cache,ptr_chase_64B,128.0 KiB,,ns,262144,174355,0,174355,0.665111542,6.973780
cache,ptr_chase_64B,256.0 KiB,,ns,262144,1054723,0,1054723,4.023448944,4.024528
cache,ptr_chase_64B,512.0 KiB,,ns,262144,1381499,0,1381499,5.270000458,8.684984
cache,ptr_chase_64B,1.0 MiB,,ns,262144,1510295,0,1510295,5.761318207,5.192058
cache,ptr_chase_64B,2.0 MiB,,ns,524288,3115084,0,3115084,5.941551208,3.013899
cache,ptr_chase_64B,4.0 MiB,,ns,1048576,7903220,0,7903220,7.537097931,0.636958
cache,ptr_chase_64B,8.0 MiB,,ns,2097152,16498092,0,16498092,7.866903305,4.173506
cache,ptr_chase_64B,16.0 MiB,,ns,4194304,78687209,0,78687209,18.760492563,32.116806
cache,ptr_chase_64B,32.0 MiB,,ns,8388608,970063714,0,970063714,115.640606165,2.248343
tlb,ptr_chase_page,16_pages,,ns,131072,733797,0,733797,5.598426819,10.240819
tlb,ptr_chase_page,32_pages,,ns,131072,612226,0,612226,4.670913696,2.076923
tlb,ptr_chase_page,64_pages,,ns,131072,812290,0,812290,6.197280884,6.051550
tlb,ptr_chase_page,128_pages,,ns,131072,821183,0,821183,6.265129089,8.861165
tlb,ptr_chase_page,256_pages,,ns,131072,929987,0,929987,7.095237732,3.609904
tlb,ptr_chase_page,512_pages,,ns,131072,931152,0,931152,7.104125977,0.868334
tlb,ptr_chase_page,1024_pages,,ns,131072,2650779,0,2650779,20.223838806,1.933544
tlb,ptr_chase_page,2048_pages,,ns,131072,5028717,0,5028717,38.366065979,0.562582
tlb,ptr_chase_page,4096_pages,,ns,131072,5883602,0,5883602,44.888320923,1.001778
ooo_integer,ind_add,1_chain,,ns,6400000,1425618,177355,1248263,0.195041094,1.775987
ooo_integer,ind_add,8_chains,,ns,6400000,242599,177314,65285,0.010200781,1.559529
ooo_memory,independent_chase,1_streams,,ns,131072,732797,0,732797,5.590797424,16.233208
ooo_memory,independent_chase,2_streams,,ns,131072,396561,0,396561,3.025520325,3.180567
ooo_memory,independent_chase,4_streams,,ns,131072,202647,0,202647,1.546073914,11.752298
thread_scaling,thr_add8,1_threads,,ns,3200000,141088,0,141088,0.044090000,0.000000
thread_scaling,thr_add8,2_threads,,ns,6400000,151113,0,151113,0.023611406,0.000000
thread_scaling,thr_add8,4_threads,,ns,12800000,253599,0,253599,0.019812422,0.000000
thread_scaling,thr_add8,8_threads,,ns,25600000,193123,0,193123,0.007543867,0.000000
thread_scaling,thr_add8,10_threads,,ns,32000000,257991,0,257991,0.008062219,0.000000
thread_scaling,thr_add8,14_threads,,ns,44800000,298218,0,298218,0.006656652,0.000000
